{"cameraMode":{"drawMode":0,"name":"Shaded","section":"Shading Mode"},"sceneLighting":false,"audioPlay":false,"sceneViewState":{"showFog":true,"showMaterialUpdate":false,"showSkybox":false,"showFlares":true,"showImageEffects":true,"showParticleSystems":true},"in2DMode":false,"pivot":{"x":22.48345947265625,"y":17.473236083984376,"z":116.05517578125},"rotation":{"x":-0.1984863579273224,"y":0.000590030977036804,"z":-0.00009835488890530542,"w":-0.9801192283630371},"size":488.57550048828127,"orthographic":false}