{"cameraMode":{"drawMode":0,"name":"Shaded","section":"Shading Mode"},"sceneLighting":false,"audioPlay":false,"sceneViewState":{"showFog":true,"showMaterialUpdate":false,"showSkybox":false,"showFlares":true,"showImageEffects":true,"showParticleSystems":true},"in2DMode":false,"pivot":{"x":-0.5839181542396545,"y":5.7004265785217289,"z":-10.925941467285157},"rotation":{"x":0.14818112552165986,"y":0.032624389976263049,"z":-0.004890596028417349,"w":0.9884145259857178},"size":13.139399528503418,"orthographic":false}