{"cameraMode":{"drawMode":0,"name":"Shaded","section":"Shading Mode"},"sceneLighting":true,"audioPlay":false,"sceneViewState":{"showFog":true,"showMaterialUpdate":false,"showSkybox":true,"showFlares":true,"showImageEffects":true,"showParticleSystems":true},"in2DMode":false,"pivot":{"x":374.46624755859377,"y":231.45742797851563,"z":408.02386474609377},"rotation":{"x":-0.16011659801006318,"y":-0.006809834856539965,"z":0.0011257196310907603,"w":-0.9870902895927429},"size":493.5751037597656,"orthographic":false}